-- Adminer 5.4.0 PostgreSQL 18.0 dump

INSERT INTO "Category" ("id", "name") VALUES
(1,	'Frontend'),
(2,	'Backend'),
(3,	'Outil'),
(4,	'Roman'),
(5,	'Manga'),
(6,	'Webtoon'),
(7,	'Jeu'),
(8,	'Musique');

INSERT INTO "Hobby" ("id", "name", "logo_name", "category_id") VALUES
(1,	'Percy Jackson',	'percy_jackson.png',	4),
(2,	'Les Héros de l''Olympe',	'heros_olympe.png',	4),
(3,	'Numero Quatre',	'numero_quatre.png',	4),
(4,	'La Faucheuse',	'la_faucheuse.png',	4),
(5,	'Les Maîtres Enlumineurs',	'maitres_enlumineurs.png',	4),
(6,	'Oshi no Ko',	'oshi_no_ko.png',	5),
(7,	'Demon Slayer',	'demon_slayer.png',	5),
(8,	'Fire Force',	'fire_force.png',	5),
(9,	'One Piece',	'one_piece.png',	5),
(10,	'Seraph of the End',	'seraph_of_the_end.png',	5),
(11,	'Tower of God',	'tower_of_god.png',	6),
(12,	'Jungle Juice',	'jungle_juice.png',	6),
(13,	'God of Highschool',	'god_of_highschool.png',	6),
(14,	'Omniscient Reader',	'omniscient_reader.png',	6),
(15,	'Hero Killer',	'hero_killer.png',	6),
(16,	'Outer Wilds',	'outer_wilds.png',	7),
(17,	'Kingdom Hearts 3',	'kingdom_hearts_3.png',	7),
(18,	'Silksong',	'silksong.png',	7),
(19,	'Hades 2',	'hades_2.png',	7),
(20,	'Until Then',	'until_then.png',	7),
(21,	'Twenty One Pilots',	'twenty-one-pilots.png',	8),
(22,	'Kik',	'kik.png',	8),
(23,	'K-Pop Demon Hunters',	'kpop_demon_hunters.png',	8),
(24,	'Orelsan',	'orelsan.png',	8),
(25,	'Heartsteel',	'heartsteel.png',	8),
(26,	'Polyphia',	'polyphia.png',	8),
(27,	'Rustage',	'rustage.png',	8),
(28,	'Stray Kids',	'stray_kids.png',	8),
(29,	'Theodora',	'theodora.png',	8),
(30,	'Unlike Pluto',	'unlike_pluto.png',	8);

INSERT INTO "Technology" ("id", "name", "logo_name", "category_id") VALUES
(1,	'CSS',	'css.png',	1),
(2,	'Javascript',	'javascript.png',	1),
(3,	'React',	'react.png',	1),
(4,	'Vue',	'vue.png',	1),
(5,	'Next',	'next.png',	1),
(6,	'Nuxt',	'nuxt.png',	1),
(7,	'Tailwind',	'tailwind.png',	1),
(8,	'CVA',	'cva.png',	1),
(9,	'Bootstrap',	'bootstrap.png',	1),
(10,	'Panda CSS',	'panda_css.png',	1),
(11,	'PHP',	'php.png',	2),
(12,	'Node Js',	'node_js.png',	2),
(13,	'Slim',	'slim.png',	2),
(14,	'Eloquent',	'eloquent.png',	2),
(15,	'Symfony',	'symfony.png',	2),
(16,	'Doctrine',	'doctrine.png',	2),
(17,	'Express',	'express.png',	2),
(18,	'Python',	'python.png',	2),
(19,	'Prisma',	'prisma.png',	2),
(20,	'Git',	'git.png',	3),
(21,	'Github',	'github.png',	3),
(22,	'Docker',	'docker.png',	3),
(23,	'Linux',	'linux.png',	3),
(24,	'MySQL',	'mysql.png',	3),
(25,	'PostgreSQL',	'postgresql.png',	3),
(26,	'Typescript',	'typescript.png',	3),
(27,	'Bruno',	'bruno.png',	3),
(28,	'Postman',	'postman.png',	3),
(29,	'Figma',	'figma.png',	3),
(30,	'EsLint',	'eslint.png',	3),
(31,	'Prettier',	'prettier.png',	3),
(32,	'Zod',	'zod.png',	3),
(33,	'Vine Js',	'vine_js.png',	3),
(34,	'React-Query',	'react_query.png',	3),
(35,	'Vite Js',	'vite_js.png',	2);

INSERT INTO "Experience" ("id", "title", "society_name", "work_period", "description", "logo_name") VALUES
(1,	'Développeur web fullstack',	'RhinoTerrain',	'Septembre 2023 à Août 2024',	'J’ai conçu, designé et réalisé un site vitrine pour leur nouveau produit, ainsi qu’une application web de gestion des clients, produits et contrats de maintenance.',	'rhinoterrain.png'),
(2,	'Développeur web fullstack',	'Gibraltaz',	'Août 2023',	'J’ai développé un site et un système de tirage au sort pour un jeu de loterie proposé par un client de l’entreprise. J’ai également ajouté des fonctionalités au produit principal de l’entreprise.',	'gibraltaz.png'),
(3,	'Développeur web stagiaire',	'Gibraltaz',	'Février à Avril 2023',	'J''ai ajouté des fonctionnalités au produit principal de l''entreprise : une application de gestion des commerces de la ville. J''ai également fait une page récapitulative d''une commande en ligne avec un QR code.',	'gibraltaz.fr');

INSERT INTO "Experience_Technology" ("experience_id", "technology_id") VALUES
(1,	3),
(1,	5),
(1,	7),
(1,	22),
(1,	25),
(1,	26),
(1,	27),
(1,	34),
(1,	29),
(2,	1),
(2,	2),
(2,	11),
(2,	18),
(2,	29),
(3,	9),
(3,	2),
(3,	15),
(3,	16),
(3,	29);

INSERT INTO "Project" ("id", "title", "description", "github", "link") VALUES
(1,	'Portfolio Next',	'Mon premier portfolio avancé, qui présente mon parcours ainsi que mon expérience professionnelle et les projets que j’ai créés sur mon temps libre.',	'https://github.com/Timeuh/Portfolio',	'https://portfolio.timeuh.fr/'),
(2,	'Mastermind',	'J''ai recodé le classique des jeux de société Mastermind mais en version web. Cette idée m''est venue en me souvenant d''un exercice de développement Java donné pendant ma formation.',	'https://github.com/Timeuh/mastermind',	'https://mastermind.timeuh.fr'),
(3,	'Memo-App',	'J''ai fait une petite application pour créer et gérer des petits mémos, pour m''entraîner.',	'https://github.com/Timeuh/memo-app',	'https://memo-app.timeuh.fr/'),
(4,	'Portfolio V2',	'La seconde itération de mon portfolio, développé avec des technologies moins avancées que l''actuel, mais qui m''a poussé à travailler le design pour la première fois.',	'https://github.com/Timeuh/Portfolio-v2',	'https://portfolio-v2.timeuh.fr/');

INSERT INTO "Highlight" ("id", "text", "project_id") VALUES
(1,	'Approfondissement de mes connaissances sur Next',	1),
(2,	'Première expérience sur Panda CSS',	1),
(3,	'Premier Portfolio utilisant une base de données',	1),
(4,	'Design peaufiné avec mes connaissances de l''époque',	1),
(5,	'Portage web d''un jeu de société',	2),
(6,	'Projet fun avec les dernières version de technologies',	2),
(7,	'Design et ergonomie faits pour l''utilisateur.ice',	2),
(8,	'Première application web que j''ai faite',	3),
(9,	'Prise en charge du mode sombre',	3),
(10,	'Prise en charge de l''anglais',	3),
(11,	'Premier portfolio designé avec Figma',	4),
(12,	'Première utilisation de React',	4),
(13,	'Utilisation d''effets en CSS pour dynamiser le site',	4);

INSERT INTO "Image" ("id", "name", "project_id") VALUES
(1,	'portfolio_next_1.png',	1),
(2,	'portfolio_next_2.png',	1),
(3,	'portfolio_next_3.png',	1),
(4,	'portfolio_next_4.png',	1),
(5,	'mastermind_1.png',	2),
(6,	'mastermind_2.png',	2),
(7,	'mastermind_3.png',	2),
(8,	'mastermind_4.png',	2),
(9,	'memo_app_1.png',	3),
(10,	'memo_app_2.png',	3),
(11,	'memo_app_3.png',	3),
(12,	'memo_app_4.png',	3),
(13,	'portfolio_v2_1.png',	4),
(14,	'portfolio_v2_2.png',	4),
(15,	'portfolio_v2_3.png',	4),
(16,	'portfolio_v2_4.png',	4);

INSERT INTO "Project_Technology" ("project_id", "technology_id") VALUES
(1,	19),
(1,	34),
(1,	33),
(1,	5),
(1,	3),
(1,	10),
(1,	30),
(1,	31),
(1,	26),
(2,	7),
(2,	3),
(2,	30),
(2,	31),
(2,	35),
(2,	26),
(3,	3),
(3,	26),
(3,	35),
(3,	30),
(3,	7),
(4,	3),
(4,	26),
(4,	35),
(4,	30),
(4,	7);

-- 2025-10-23 15:32:10 UTC
